cliente_id,opt_in,fecha_consentimiento,canal_captura,base_legal
C001,true,2026-01-15,formulario_web,consentimiento_expreso
C002,true,2023-02-10,call_center,consentimiento_expreso
C003,true,2026-03-30,app_movil,consentimiento_expreso
C004,false,2025-11-01,formulario_web,ninguna
C005,true,2026-02-14,formulario_web,consentimiento_expreso
C007,true,2026-05-05,tienda_fisica,consentimiento_expreso
C009,true,2026-04-01,app_movil,consentimiento_expreso
C011,true,2026-06-20,formulario_web,consentimiento_expreso
C012,true,2026-05-01,formulario_web,consentimiento_expreso
